{
  "model": "LiquidAI/LFM2.5-230M",
  "device": "mps",
  "mps_fallback": false,
  "metric": "mean per-conversation assistant-token NLL",
  "split_counts": {
    "validation": 128,
    "id_test": 128,
    "ood_test": 128
  },
  "results": [
    {
      "name": "BF16-native",
      "kind": "native",
      "bytes": 459401112,
      "bpw": 16.000513519809104,
      "mean_nll": {
        "validation": 0.3045880218196544,
        "id_test": 0.3153630657470785,
        "ood_test": 0.5257390684564598,
        "test_all": 0.42055106710176915
      },
      "seconds": {
        "load": 0.07944524998310953,
        "validation": 5.738517874997342,
        "id_test": 5.460557375015924,
        "ood_test": 4.6726233750232495,
        "total": 16.031228582985932
      },
      "delta_nll": {
        "validation": 0.0,
        "id_test": 0.0,
        "ood_test": 0.0,
        "test_all": 0.0
      }
    },
    {
      "name": "BF16",
      "kind": "gguf",
      "bytes": 461884256,
      "bpw": 16.08699911617752,
      "mean_nll": {
        "validation": 0.3052902447307133,
        "id_test": 0.3160304214252392,
        "ood_test": 0.5263260511565022,
        "test_all": 0.4211782362908707
      },
      "seconds": {
        "load": 2.9482503329927567,
        "validation": 5.701766249985667,
        "id_test": 5.400787041988224,
        "ood_test": 4.63893666601507,
        "total": 18.768744915985735
      },
      "delta_nll": {
        "validation": 0.0007022229110589251,
        "id_test": 0.0006673556781606749,
        "ood_test": 0.0005869827000424266,
        "test_all": 0.0006271691891015507
      }
    },
    {
      "name": "F16",
      "kind": "gguf",
      "bytes": 461884256,
      "bpw": 16.08699911617752,
      "mean_nll": {
        "validation": 0.3051873458462069,
        "id_test": 0.3158665448863758,
        "ood_test": 0.5265723947668448,
        "test_all": 0.4212194698266103
      },
      "seconds": {
        "load": 2.836343000002671,
        "validation": 5.711866625002585,
        "id_test": 5.410730333998799,
        "ood_test": 4.657693499990273,
        "total": 18.699125749990344
      },
      "delta_nll": {
        "validation": 0.0005993240265524946,
        "id_test": 0.0005034791392972693,
        "ood_test": 0.0008333263103850186,
        "test_all": 0.0006684027248411439
      }
    },
    {
      "name": "Q4_0",
      "kind": "gguf",
      "bytes": 149080928,
      "bpw": 5.192350087323445,
      "mean_nll": {
        "validation": 0.4767387804167811,
        "id_test": 0.4852441892871866,
        "ood_test": 0.7154934332938865,
        "test_all": 0.6003688112905365
      },
      "seconds": {
        "load": 3.1954719580244273,
        "validation": 5.713813167007174,
        "id_test": 5.42380145797506,
        "ood_test": 4.721971958002541,
        "total": 19.13662541701342
      },
      "delta_nll": {
        "validation": 0.1721507585971267,
        "id_test": 0.1698811235401081,
        "ood_test": 0.1897543648374267,
        "test_all": 0.1798177441887674
      }
    },
    {
      "name": "Q4_K_M",
      "kind": "gguf",
      "bytes": 153406304,
      "bpw": 5.342998911103954,
      "mean_nll": {
        "validation": 0.39772552298381925,
        "id_test": 0.41496868641115725,
        "ood_test": 0.6098758284933865,
        "test_all": 0.5124222574522719
      },
      "seconds": {
        "load": 3.4561902499990538,
        "validation": 5.71904845899553,
        "id_test": 5.431811000016751,
        "ood_test": 4.648428292013705,
        "total": 19.334980833984446
      },
      "delta_nll": {
        "validation": 0.09313750116416486,
        "id_test": 0.09960562066407874,
        "ood_test": 0.08413676003692672,
        "test_all": 0.09187119035050273
      }
    },
    {
      "name": "Q5_K_M",
      "kind": "gguf",
      "bytes": 171625312,
      "bpw": 5.9775500173309455,
      "mean_nll": {
        "validation": 0.33517959076561965,
        "id_test": 0.33950817382719833,
        "ood_test": 0.5523964213207364,
        "test_all": 0.44595229757396737
      },
      "seconds": {
        "load": 3.5637347910087556,
        "validation": 5.731813499995042,
        "id_test": 5.440301166992867,
        "ood_test": 4.651404208998429,
        "total": 19.46681929100305
      },
      "delta_nll": {
        "validation": 0.030591568945965264,
        "id_test": 0.024145108080119826,
        "ood_test": 0.026657352864276618,
        "test_all": 0.025401230472198222
      }
    },
    {
      "name": "Q6_K",
      "kind": "gguf",
      "bytes": 190983008,
      "bpw": 6.651760567697124,
      "mean_nll": {
        "validation": 0.3086529565152887,
        "id_test": 0.317748775560176,
        "ood_test": 0.5317488646833226,
        "test_all": 0.4247488201217493
      },
      "seconds": {
        "load": 3.4104085419967305,
        "validation": 5.756174625013955,
        "id_test": 5.399368292011786,
        "ood_test": 4.6632694589789025,
        "total": 19.310257834004005
      },
      "delta_nll": {
        "validation": 0.0040649346956342924,
        "id_test": 0.002385709813097492,
        "ood_test": 0.006009796226862818,
        "test_all": 0.004197753019980155
      }
    },
    {
      "name": "Q8_0",
      "kind": "gguf",
      "bytes": 246598496,
      "bpw": 8.588796296193099,
      "mean_nll": {
        "validation": 0.3047048690204974,
        "id_test": 0.31566258847306017,
        "ood_test": 0.5261573329917155,
        "test_all": 0.42090996073238784
      },
      "seconds": {
        "load": 3.197632832976524,
        "validation": 5.736444540991215,
        "id_test": 5.404593165992992,
        "ood_test": 4.6595350410207175,
        "total": 19.080234583001584
      },
      "delta_nll": {
        "validation": 0.0001168472008430399,
        "id_test": 0.0002995227259816602,
        "ood_test": 0.00041826453525573015,
        "test_all": 0.00035889363061869517
      }
    }
  ],
  "lock": {
    "pid": 88103,
    "purpose": "paper-native:lfm25-multisplit",
    "path": "/tmp/text-opt-bm-slm-mps.lock",
    "helper_sha256": "dcddac9509381d8faccc0ac0039da5a4d115d8474d15d282d18a67ddb25cbce4",
    "wait_started_unix": 1783823041.0569406,
    "acquired_unix": 1783823041.056942,
    "wait_seconds": 1.500011421740055e-06
  }
}
