{
  "model": "LiquidAI/LFM2.5-230M",
  "method": "symmetric groupwise RTN",
  "group_size": 40,
  "device": "mps",
  "mps_fallback": false,
  "native_mean_nll": {
    "validation": 2.274211856536567,
    "id_test": 2.172754731029272,
    "ood_test": 1.7187043358571827,
    "test_all": 1.9457295334432274
  },
  "results": [
    {
      "name": "symmetric-groupwise-rtn-w5-g40",
      "bundle": "/private/tmp/lfm25-rtn-bit-sweep/w5_g40",
      "bytes": 155253826,
      "bpw": 5.407346384296715,
      "mean_nll": {
        "validation": 2.323335049673915,
        "id_test": 2.2226990833878517,
        "ood_test": 1.7611597320064902,
        "test_all": 1.991929407697171
      },
      "delta_nll": {
        "validation": 0.0491231931373477,
        "id_test": 0.049944352358579636,
        "ood_test": 0.04245539614930749
      },
      "test_all_delta_nll": 0.04619987425394356,
      "score_seconds": 30.545022667007288
    },
    {
      "name": "symmetric-groupwise-rtn-w4-g40",
      "bundle": "/private/tmp/lfm25-rtn-bit-sweep/w4_g40",
      "bytes": 126542122,
      "bpw": 4.407344433868791,
      "mean_nll": {
        "validation": 2.5082217450253665,
        "id_test": 2.4281286392360926,
        "ood_test": 1.941600130405277,
        "test_all": 2.184864384820685
      },
      "delta_nll": {
        "validation": 0.23400988848879933,
        "id_test": 0.2553739082068205,
        "ood_test": 0.22289579454809427
      },
      "test_all_delta_nll": 0.23913485137745738,
      "score_seconds": 30.328467082988936
    },
    {
      "name": "symmetric-groupwise-rtn-w3-g40",
      "bundle": "/private/tmp/lfm25-rtn-bit-sweep/w3_g40",
      "bytes": 97830339,
      "bpw": 3.4073397319443313,
      "mean_nll": {
        "validation": 5.26042096875608,
        "id_test": 5.233722299337387,
        "ood_test": 4.687430642545223,
        "test_all": 4.960576470941305
      },
      "delta_nll": {
        "validation": 2.9862091122195125,
        "id_test": 3.060967568308115,
        "ood_test": 2.9687263066880405
      },
      "test_all_delta_nll": 3.0148469374980778,
      "score_seconds": 30.212648457993055
    },
    {
      "name": "symmetric-groupwise-rtn-w2-g40",
      "bundle": "/private/tmp/lfm25-rtn-bit-sweep/w2_g40",
      "bytes": 69118675,
      "bpw": 2.4073391746792105,
      "mean_nll": {
        "validation": 17.574988543987274,
        "id_test": 17.608738116919994,
        "ood_test": 17.549429774284363,
        "test_all": 17.57908394560218
      },
      "delta_nll": {
        "validation": 15.300776687450707,
        "id_test": 15.435983385890722,
        "ood_test": 15.83072543842718
      },
      "test_all_delta_nll": 15.633354412158951,
      "score_seconds": 30.226434500014875
    }
  ],
  "lock": {
    "pid": 34643,
    "purpose": "paper-native:lfm25-rtn-bit-sweep",
    "path": "/tmp/text-opt-bm-slm-mps.lock",
    "helper_sha256": "dcddac9509381d8faccc0ac0039da5a4d115d8474d15d282d18a67ddb25cbce4",
    "wait_started_unix": 1783832643.6707392,
    "acquired_unix": 1783832643.670743,
    "wait_seconds": 3.749999450519681e-06
  }
}
