{
  "model": "Qwen/Qwen2.5-0.5B-Instruct",
  "parameters": 494032768,
  "device": "mps",
  "mps_fallback": false,
  "metric": "mean per-conversation assistant-token NLL",
  "split_counts": {
    "validation": 128,
    "id_test": 128,
    "ood_test": 128
  },
  "results": [
    {
      "name": "BF16-native",
      "kind": "native",
      "bytes": 988097824,
      "bpw": 16.000522847909554,
      "mean_nll": {
        "validation": 0.4874273010791512,
        "id_test": 0.47821852861670777,
        "ood_test": 0.5892650121531915,
        "test_all": 0.5337417703849496
      },
      "seconds": {
        "load": 0.17017883399967104,
        "validation": 13.221253833005903,
        "id_test": 12.991907166986493,
        "ood_test": 9.383513375010807,
        "total": 35.929418459010776
      },
      "delta_nll": {
        "validation": 0.0,
        "id_test": 0.0,
        "ood_test": 0.0,
        "test_all": 0.0
      }
    },
    {
      "name": "FP16",
      "kind": "gguf",
      "bytes": 1266425696,
      "bpw": 20.507557846851164,
      "mean_nll": {
        "validation": 0.5130647580954246,
        "id_test": 0.49945782107533887,
        "ood_test": 0.6173328676668461,
        "test_all": 0.5583953443710925
      },
      "seconds": {
        "load": 8.31849379200139,
        "validation": 13.13999845800572,
        "id_test": 12.99749658399378,
        "ood_test": 9.28266095800791,
        "total": 43.947023375018034
      },
      "delta_nll": {
        "validation": 0.0256374570162734,
        "id_test": 0.0212392924586311,
        "ood_test": 0.02806785551365465,
        "test_all": 0.024653573986142874
      }
    },
    {
      "name": "Q2_K",
      "kind": "gguf",
      "bytes": 415182688,
      "bpw": 6.723160322839152,
      "mean_nll": {
        "validation": 0.6418369585007895,
        "id_test": 0.618818687798921,
        "ood_test": 0.7483829317498021,
        "test_all": 0.6836008097743616
      },
      "seconds": {
        "load": 9.799600124999415,
        "validation": 13.084694749995833,
        "id_test": 13.014378166000824,
        "ood_test": 9.27955424998072,
        "total": 45.368095541984076
      },
      "delta_nll": {
        "validation": 0.15440965742163826,
        "id_test": 0.14060015918221325,
        "ood_test": 0.1591179195966106,
        "test_all": 0.14985903938941192
      }
    },
    {
      "name": "Q3_K_M",
      "kind": "gguf",
      "bytes": 432041824,
      "bpw": 6.99616465926406,
      "mean_nll": {
        "validation": 0.579466063878499,
        "id_test": 0.5741818946553394,
        "ood_test": 0.732207213412039,
        "test_all": 0.6531945540336892
      },
      "seconds": {
        "load": 9.755817582976306,
        "validation": 13.042486667021876,
        "id_test": 13.020901375013636,
        "ood_test": 9.282871582981898,
        "total": 45.28845174997696
      },
      "delta_nll": {
        "validation": 0.09203876279934775,
        "id_test": 0.09596336603863165,
        "ood_test": 0.1429422012588475,
        "test_all": 0.11945278364873957
      }
    },
    {
      "name": "Q4_0",
      "kind": "gguf",
      "bytes": 428730208,
      "bpw": 6.94253880746631,
      "mean_nll": {
        "validation": 0.641395672224462,
        "id_test": 0.6490080913063139,
        "ood_test": 0.7459505027509294,
        "test_all": 0.6974792970286217
      },
      "seconds": {
        "load": 8.630895166978007,
        "validation": 13.02005616700626,
        "id_test": 13.009905791986967,
        "ood_test": 9.272105625015683,
        "total": 44.117900249984814
      },
      "delta_nll": {
        "validation": 0.1539683711453108,
        "id_test": 0.1707895626896061,
        "ood_test": 0.15668549059773795,
        "test_all": 0.16373752664367203
      }
    },
    {
      "name": "Q4_K_M",
      "kind": "gguf",
      "bytes": 491400032,
      "bpw": 7.957367427093419,
      "mean_nll": {
        "validation": 0.5466480974719161,
        "id_test": 0.5330394696211442,
        "ood_test": 0.6745350281707942,
        "test_all": 0.6037872488959692
      },
      "seconds": {
        "load": 9.282680790987797,
        "validation": 13.003370708000148,
        "id_test": 12.994993374974001,
        "ood_test": 9.26085079202312,
        "total": 44.73021179100033
      },
      "delta_nll": {
        "validation": 0.059220796392764896,
        "id_test": 0.05482094100443646,
        "ood_test": 0.08527001601760276,
        "test_all": 0.07004547851101961
      }
    },
    {
      "name": "Q5_0",
      "kind": "gguf",
      "bytes": 490475360,
      "bpw": 7.942393974968073,
      "mean_nll": {
        "validation": 0.546057686151471,
        "id_test": 0.5285208086133935,
        "ood_test": 0.6569150111172348,
        "test_all": 0.5927179098653141
      },
      "seconds": {
        "load": 9.151275916985469,
        "validation": 13.017441584001062,
        "id_test": 12.965596333990106,
        "ood_test": 9.271388207998825,
        "total": 44.592940499976976
      },
      "delta_nll": {
        "validation": 0.05863038507231977,
        "id_test": 0.050302279996685684,
        "ood_test": 0.06764999896404333,
        "test_all": 0.05897613948036451
      }
    },
    {
      "name": "Q5_K_M",
      "kind": "gguf",
      "bytes": 522186592,
      "bpw": 8.455902131576828,
      "mean_nll": {
        "validation": 0.5338517900381703,
        "id_test": 0.5156088427174836,
        "ood_test": 0.627554375474574,
        "test_all": 0.5715816090960288
      },
      "seconds": {
        "load": 9.27724974998273,
        "validation": 13.031235957983881,
        "id_test": 12.993471957975999,
        "ood_test": 9.272665666998364,
        "total": 44.76990566699533
      },
      "delta_nll": {
        "validation": 0.04642448895901907,
        "id_test": 0.03739031410077587,
        "ood_test": 0.03828936332138255,
        "test_all": 0.03783983871107921
      }
    },
    {
      "name": "Q6_K",
      "kind": "gguf",
      "bytes": 650379104,
      "bpw": 10.531756533202268,
      "mean_nll": {
        "validation": 0.513732736952079,
        "id_test": 0.5023304823262151,
        "ood_test": 0.6198935001157224,
        "test_all": 0.5611119912209688
      },
      "seconds": {
        "load": 8.39452641599928,
        "validation": 12.99631912499899,
        "id_test": 12.974045500013744,
        "ood_test": 9.276135833002627,
        "total": 43.827017583011184
      },
      "delta_nll": {
        "validation": 0.026305435872927774,
        "id_test": 0.02411195370950736,
        "ood_test": 0.030628487962530926,
        "test_all": 0.027370220836019143
      }
    },
    {
      "name": "Q8_0",
      "kind": "gguf",
      "bytes": 675710816,
      "bpw": 10.941959477473365,
      "mean_nll": {
        "validation": 0.5126488777750637,
        "id_test": 0.5000581994536333,
        "ood_test": 0.6172741152404342,
        "test_all": 0.5586661573470337
      },
      "seconds": {
        "load": 8.527078833983978,
        "validation": 12.999059249996208,
        "id_test": 12.981888957991032,
        "ood_test": 9.259410375001607,
        "total": 43.97220020898385
      },
      "delta_nll": {
        "validation": 0.025221576695912518,
        "id_test": 0.021839670836925507,
        "ood_test": 0.028009103087242693,
        "test_all": 0.0249243869620841
      }
    }
  ],
  "lock": {
    "pid": 91041,
    "purpose": "paper-native:qwen25-multisplit",
    "path": "/tmp/text-opt-bm-slm-mps.lock",
    "helper_sha256": "dcddac9509381d8faccc0ac0039da5a4d115d8474d15d282d18a67ddb25cbce4",
    "wait_started_unix": 1783826011.9158323,
    "acquired_unix": 1783826011.9158342,
    "wait_seconds": 1.9999861251562834e-06
  }
}
